filename,bytes,sha256
adapter_on_off_mcnemar.csv,169,877218b9a1d20d93ff9582289aeaa4f1a7c05cf91d50423d73e7ead5b9b31d6d
adapter_on_off_predictions.csv,297499,2b8224c4236186ef997aa2c1fe65455e64bb05c44f597fecb297ff33005a4435
adapter_on_off_run_results.csv,969,8ba423bede03e95b11b24d5e64024ace0a1684a50da4c6b209025eec0008fb01
adapter_scorer_checkpoints/fullft_lraa_adapter_scorer_seed13.pt,4211087,f1babfd09ff4fce529c062202a5b2b0ceb31747e83c0f6d061343c7584b1c810
adapter_scorer_checkpoints/fullft_lraa_adapter_scorer_seed42.pt,4211087,32a13125be33c9c99205614c9b3ece2ba3f76965bced83725bb6097f5b0924ed
adapter_scorer_checkpoints/fullft_lraa_adapter_scorer_seed71.pt,4211087,61bb8a0cf143ad4679605db59b0b0f0ab72b5f1c999c359f60c7e4faa096a4b3
data_audit.csv,173,86d892f804a3e4f4296fa21406a3f4b0dd4336d87d3020227adff1d3f3a66e7e
frozen_vs_fullft_regime_contrast_by_seed.csv,292,178122e3db7588fbc9d6aab5bd4b03e651d135bcc2c0b529dc5abb1305f61de7
full_finetuning_adapter_ablation_summary.csv,534,77eef0d7b4de683e1a20cd7f323832c45dbccfc5da95fc69debda697f2b37275
locked_config_before_training.json,576,85f21021747d27c3cea62dbd6df8a44ce72cc421a09c7587e8ee3590b9367c50
matched_fullft_control_table.md,542,0d7ac9918a386a711a12689b6ff17d635dca17856f9df8b23fd1b0fdf812ac99
parameter_counts.csv,146,a9d7cc915d40a25fbe34539c88a12cbedb335a46e0a0455bec2ffaa6ed8a1f71
run_config.json,832,1b4b8249a3192809a1f3015dd9591342f3dfe8e83942c3eb3ebe4986ddb670da
run_environment.json,249,a3327098cf5ef5463cb7246783f6439f4f9ca1c2e57eb6602e17d0153b39dba8
runtime_by_seed.csv,168,9cd0603d39ad2301ab963797c77ecc069b9642db26bc561375080f160a5d7613
training_history.csv,1548,dc6a38b6dec0c8198a9d5d6ca556b5c10ff78b5e0da4a5a15a8638c2487a5858
training_regime_contrast_summary.json,401,34fa2ba9d79e5610a6a8835690e9dfefdd52545d373f07077623b39696ab3319
