seed,epoch,train_loss,train_accuracy,val_loss,val_accuracy,val_balanced_accuracy,val_macro_f1,val_predicted_yes_rate,val_true_yes_rate
13,1,0.7080589012462442,0.4989821578254101,0.6931490067212555,0.5641263940520446,0.4968464241688285,0.48355576569025666,0.7713754646840149,0.6236059479553904
13,2,0.6966878460732895,0.5052089570111364,0.6931407241129964,0.5269516728624535,0.509618958252838,0.5080336490741115,0.5724907063197026,0.6236059479553904
13,3,0.6965556504440628,0.4963477427852952,0.693152409060737,0.5585501858736059,0.4928648966900333,0.4805297762852848,0.7639405204460966,0.6236059479553904
42,1,0.7148328473002571,0.4999401269309065,0.6931403598377696,0.5139405204460966,0.5035914702581369,0.5001061528690145,0.5427509293680297,0.6236059479553904
42,2,0.701390016658508,0.4963477427852952,0.6931417546750888,0.6198884758364313,0.4999558425787934,0.39611197789093944,0.9851301115241635,0.6236059479553904
42,3,0.6980213167681378,0.5048497185965752,0.6931440535531168,0.5836431226765799,0.5134735331456644,0.4991251148156922,0.7871747211895911,0.6236059479553904
71,1,0.7086963088882532,0.5035325110765178,0.6931473872032308,0.5641263940520446,0.4929311328218432,0.4761272507383512,0.7862453531598513,0.6236059479553904
71,2,0.7025755500810587,0.49550951981798586,0.6931463209669829,0.5557620817843866,0.5136317639049879,0.5126589954670184,0.6737918215613383,0.6236059479553904
71,3,0.6998878240356929,0.49910190396359716,0.6931370122282036,0.5613382899628253,0.514187411455171,0.5120425206473407,0.6942379182156134,0.6236059479553904
