model,seed,best_epoch,normal_accuracy,normal_balanced_accuracy,normal_macro_f1,predicted_yes_rate,true_yes_rate,adapter_alpha
head_only,13,1,0.6428134556574924,0.6030643930522291,0.604813556628325,0.6883792048929663,0.6217125382262997,
mlp_adapter,13,3,0.7886850152905199,0.7700728998207029,0.7728648728087719,0.6422018348623854,0.6217125382262997,0.11487847566604614
lcca_adapter,13,2,0.8412844036697248,0.8362724424521666,0.8328874550236318,0.6024464831804281,0.6217125382262997,0.1014816090464592
head_only,42,2,0.6461773700305811,0.6067193251527643,0.6086174323046747,0.6880733944954128,0.6217125382262997,
mlp_adapter,42,3,0.7877675840978593,0.7702846445134663,0.7724657693018786,0.6376146788990825,0.6217125382262997,0.1140158399939537
lcca_adapter,42,3,0.8480122324159022,0.8450066625020229,0.8404256415931181,0.5963302752293578,0.6217125382262997,0.10189054906368256
head_only,71,1,0.6446483180428134,0.6042235212764646,0.6060128216347771,0.6914373088685015,0.6217125382262997,
mlp_adapter,71,3,0.7834862385321101,0.7628849130812889,0.7664154688257332,0.6486238532110091,0.6217125382262997,0.11459428817033768
lcca_adapter,71,2,0.8336391437308869,0.8355047933829087,0.8270127293767565,0.5740061162079511,0.6217125382262997,0.10146928578615189
