model,seed,epoch,train_loss,train_accuracy,val_loss,val_accuracy,val_balanced_accuracy,val_macro_f1,val_predicted_yes_rate,val_true_yes_rate
head_only,13,1,0.7006249825207291,0.5067656568075679,0.6855304764105928,0.6524163568773235,0.6116833176942467,0.6138617661508229,0.6923791821561338,0.6236059479553904
mlp_adapter,13,1,0.6907051884618409,0.5422105137109329,0.6266715074560456,0.7314126394052045,0.6960663097275119,0.701814729756294,0.6914498141263941,0.6236059479553904
lcca_adapter,13,1,0.4541215877582417,0.7755957370374805,0.3849146686127361,0.8215613382899628,0.8207135103309967,0.8136278836473334,0.5827137546468402,0.6236059479553904
head_only,13,2,0.6892158496152883,0.5413722907436235,0.6807761952336393,0.6486988847583643,0.6077238689260547,0.609731945467944,0.6923791821561338,0.6236059479553904
mlp_adapter,13,2,0.5846114534803949,0.7151239372530236,0.5080473439622546,0.7843866171003717,0.7590955088222848,0.7645940522353154,0.6663568773234201,0.6236059479553904
lcca_adapter,13,2,0.3782863906126212,0.8330738833672614,0.36082393599528695,0.8327137546468402,0.8257400967783481,0.8231678590601821,0.6087360594795539,0.6236059479553904
head_only,13,3,0.6865298329691818,0.5559813196024428,0.6794263128897514,0.6524163568773235,0.6111939062758736,0.6133557261061555,0.6942379182156134,0.6236059479553904
mlp_adapter,13,3,0.5292021301476029,0.7500898096036402,0.4869790980696235,0.8039033457249071,0.7869790804217034,0.789330297201321,0.6394052044609665,0.6236059479553904
lcca_adapter,13,3,0.355716604230175,0.8491198658843252,0.36600681207035446,0.8280669144981413,0.8249507828742801,0.819608205624534,0.5929368029739777,0.6236059479553904
head_only,42,1,0.6973125152695808,0.5188600167644594,0.6845389245611141,0.6421933085501859,0.6039760078011445,0.6057846670352582,0.6802973977695167,0.6236059479553904
mlp_adapter,42,1,0.688601609087036,0.5505927433840259,0.6331654573240245,0.7072490706319703,0.6683722470607716,0.6732689588159253,0.6988847583643123,0.6236059479553904
lcca_adapter,42,1,0.46283367641516404,0.7709256376481859,0.38591499725654443,0.8243494423791822,0.8273536825449394,0.8175988203711992,0.5687732342007435,0.6236059479553904
head_only,42,2,0.6884547597761569,0.5438869596455514,0.6803207217982268,0.654275092936803,0.6141524534967158,0.6164257540736652,0.6905204460966543,0.6236059479553904
mlp_adapter,42,2,0.5946255591198929,0.705304753921686,0.5197637450628564,0.775092936802974,0.749196886901805,0.75444724414201,0.6663568773234201,0.6236059479553904
lcca_adapter,42,2,0.3812638329663861,0.8357082984073764,0.37424834894161796,0.8336431226765799,0.8333370131184339,0.826177048446501,0.5836431226765799,0.6236059479553904
head_only,42,3,0.6844220044063017,0.5641240569991618,0.6791171192236549,0.6533457249070632,0.6134072970138544,0.6156432584726974,0.6895910780669146,0.6236059479553904
mlp_adapter,42,3,0.5310463995692056,0.7584720392767333,0.4927053930147873,0.7973977695167286,0.7817629850416736,0.7831286982248521,0.6328996282527881,0.6236059479553904
lcca_adapter,42,3,0.3609246849991317,0.8444497664950306,0.3664119953227309,0.845724907063197,0.8449816930691247,0.8384723347609677,0.5882899628252788,0.6236059479553904
head_only,71,1,0.6960786661620969,0.5194587474553946,0.6849841513155118,0.6552044609665427,0.6148976099795772,0.617208528510675,0.6914498141263941,0.6236059479553904
mlp_adapter,71,1,0.6909186471730503,0.5442461980601125,0.631735841470137,0.7072490706319703,0.6683722470607716,0.6732689588159253,0.6988847583643123,0.6236059479553904
lcca_adapter,71,1,0.4500593812279171,0.7852951742306311,0.37682036017535125,0.8355018587360595,0.8392320288495152,0.8291798476492183,0.5687732342007435,0.6236059479553904
head_only,71,2,0.6878874051886367,0.551191474074961,0.6802117414634024,0.6514869888475836,0.6094699269562658,0.6115527205268635,0.6970260223048327,0.6236059479553904
mlp_adapter,71,2,0.593941470331317,0.7090168842054844,0.5195027478454725,0.7797397769516728,0.7539014921528583,0.7593788302964597,0.6672862453531598,0.6236059479553904
lcca_adapter,71,2,0.3744523440791205,0.8412166207639804,0.3668199227603506,0.8382899628252788,0.8424463211348457,0.8321372854914197,0.5678438661710037,0.6236059479553904
head_only,71,3,0.6831821335987935,0.5649622799664711,0.6787381362737777,0.6552044609665427,0.6124505528877113,0.6146663770843891,0.7007434944237918,0.6236059479553904
mlp_adapter,71,3,0.5331123667141919,0.7546401628547479,0.4918751205321138,0.7955390334572491,0.7773362035657118,0.7799959107046599,0.6421933085501859,0.6236059479553904
lcca_adapter,71,3,0.34777782341597885,0.8494791042988864,0.3552543386353048,0.8420074349442379,0.8400434214641865,0.834304390045944,0.5920074349442379,0.6236059479553904
