model,seed,n_pairs,o_accuracy,a_accuracy,b_accuracy,contrast_consistency,flip_rate,edit_cost
lora_r11,13,58,0.9137931034482759,1.0,0.8103448275862069,0.8103448275862069,0.8103448275862069,-0.08620689655172409
lora_r11,42,58,0.9137931034482759,1.0,0.7931034482758621,0.7931034482758621,0.7931034482758621,-0.08620689655172409
lora_r11,71,58,0.9310344827586207,0.9655172413793104,0.8620689655172413,0.8275862068965517,0.8275862068965517,-0.034482758620689724
lraa_archived,13,58,0.9482758620689655,0.9310344827586207,0.7931034482758621,0.7241379310344828,0.7241379310344828,0.017241379310344862
lraa_archived,42,58,0.9482758620689655,0.9655172413793104,0.8275862068965517,0.7931034482758621,0.7931034482758621,-0.017241379310344862
lraa_archived,71,58,0.9137931034482759,0.9655172413793104,0.8275862068965517,0.7931034482758621,0.7931034482758621,-0.051724137931034475
mlp,13,58,0.8448275862068966,0.9310344827586207,0.7586206896551724,0.6896551724137931,0.6896551724137931,-0.08620689655172409
mlp,42,58,0.8448275862068966,0.9310344827586207,0.7758620689655172,0.7068965517241379,0.7068965517241379,-0.08620689655172409
mlp,71,58,0.8448275862068966,0.9310344827586207,0.7758620689655172,0.7068965517241379,0.7068965517241379,-0.08620689655172409
token_mixer,13,58,0.896551724137931,0.9137931034482759,0.8620689655172413,0.7758620689655172,0.7758620689655172,-0.017241379310344862
token_mixer,42,58,0.9137931034482759,0.9137931034482759,0.8448275862068966,0.7586206896551724,0.7586206896551724,0.0
token_mixer,71,58,0.9310344827586207,0.9482758620689655,0.8275862068965517,0.7758620689655172,0.7758620689655172,-0.017241379310344862
