seed,comparison,first_only,second_only,p_exact
13,lcca_vs_mlp,147,73,6.807444221325128e-07
13,lcca_vs_token_mixer,135,72,1.4195593866715839e-05
13,lcca_vs_lora,51,126,1.6420148695755048e-08
13,mlp_on_vs_norm_only,45,27,0.04437092000802569
13,mlp_norm_only_vs_off,4,10,0.1795654296875
13,lcca_on_vs_norm_only,285,80,4.246956500890446e-28
13,lcca_norm_only_vs_off,32,32,1.0
13,token_mixer_on_vs_norm_only,92,31,3.317352917439988e-08
13,token_mixer_norm_only_vs_off,9,10,1.0
13,fullft_lraa_on_vs_norm_only,12,4,0.076812744140625
13,fullft_lraa_norm_only_vs_off,1,0,1.0
13,fullft_lraa_vs_none,39,31,0.40296307504607976
42,lcca_vs_mlp,159,80,3.5773253459555294e-07
42,lcca_vs_token_mixer,149,79,4.144614801104354e-06
42,lcca_vs_lora,50,132,1.007869106264661e-09
42,mlp_on_vs_norm_only,76,42,0.0022426650517358795
42,mlp_norm_only_vs_off,10,11,1.0
42,lcca_on_vs_norm_only,569,118,1.1162336924137742e-71
42,lcca_norm_only_vs_off,52,38,0.17024239504607377
42,token_mixer_on_vs_norm_only,56,41,0.1548157850344286
42,token_mixer_norm_only_vs_off,20,9,0.06142834573984146
42,fullft_lraa_on_vs_norm_only,5,7,0.7744140625
42,fullft_lraa_norm_only_vs_off,4,0,0.125
42,fullft_lraa_vs_none,38,24,0.09795444051950737
71,lcca_vs_mlp,140,68,6.666165155984082e-07
71,lcca_vs_token_mixer,126,62,3.526963760310295e-06
71,lcca_vs_lora,38,125,4.95559410776739e-12
71,mlp_on_vs_norm_only,32,16,0.0293049467205293
71,mlp_norm_only_vs_off,6,6,1.0
71,lcca_on_vs_norm_only,536,117,5.9214066401622035e-65
71,lcca_norm_only_vs_off,52,42,0.3533280324715825
71,token_mixer_on_vs_norm_only,77,47,0.008933408183144238
71,token_mixer_norm_only_vs_off,14,11,0.6900379657745361
71,fullft_lraa_on_vs_norm_only,15,22,0.3240086000878364
71,fullft_lraa_norm_only_vs_off,1,2,1.0
71,fullft_lraa_vs_none,41,38,0.8221442424521855
7595,lcca_vs_mlp,140,75,1.1009854857869255e-05
7595,lcca_vs_token_mixer,128,74,0.00017723598006826218
7595,lcca_vs_lora,48,133,1.9859524397639595e-10
7595,mlp_on_vs_norm_only,44,17,0.0007299045109347684
7595,mlp_norm_only_vs_off,8,2,0.109375
7595,lcca_on_vs_norm_only,444,109,6.193536864121886e-49
7595,lcca_norm_only_vs_off,69,43,0.017765781280387156
7595,token_mixer_on_vs_norm_only,93,48,0.00018818083935730328
7595,token_mixer_norm_only_vs_off,6,7,1.0
7595,fullft_lraa_on_vs_norm_only,10,1,0.01171875
7595,fullft_lraa_norm_only_vs_off,0,0,1.0
7595,fullft_lraa_vs_none,32,31,1.0
1676,lcca_vs_mlp,138,65,3.2768713025004467e-07
1676,lcca_vs_token_mixer,126,63,5.367830973617533e-06
1676,lcca_vs_lora,36,125,1.032637886494449e-12
1676,mlp_on_vs_norm_only,37,15,0.003185253447776759
1676,mlp_norm_only_vs_off,6,5,1.0
1676,lcca_on_vs_norm_only,389,97,1.8945045682088477e-42
1676,lcca_norm_only_vs_off,36,32,0.7163007601543369
1676,token_mixer_on_vs_norm_only,62,52,0.3993731868805384
1676,token_mixer_norm_only_vs_off,12,9,0.6636238098144531
1676,fullft_lraa_on_vs_norm_only,14,10,0.5412561893463135
1676,fullft_lraa_norm_only_vs_off,1,1,1.0
1676,fullft_lraa_vs_none,49,42,0.5296020954762451
