method,seed,epoch,val_loss,val_accuracy,val_balanced_accuracy,val_macro_f1,val_predicted_option2_rate,val_log_loss
head,13,1,0.6377326678484678,0.8134765625,0.8134765625,0.8134678458446944,0.4931640625,0.6377326607643798
head,13,2,0.6091285955626518,0.8134765625,0.8134765625,0.8134721153286774,0.4951171875,0.609128584094198
head,13,3,0.6009404337964952,0.8125,0.8125,0.8124935624773495,0.494140625,0.6009404291444609
head,42,1,0.6408272925764322,0.810546875,0.810546875,0.8105353109931026,0.4921875,0.6408272838928633
head,42,2,0.6121191699057817,0.8115234375,0.8115234375,0.8115088770094279,0.4912109375,0.6121191611259446
head,42,3,0.6034443033859134,0.8134765625,0.8134765625,0.8134721153286774,0.4951171875,0.60344429727609
head,71,1,0.6425772751681507,0.8115234375,0.8115234375,0.8115232577545717,0.5009765625,0.6425772652541766
head,71,2,0.6133870964404196,0.8115234375,0.8115234375,0.8115218197788029,0.4970703125,0.6133870863146289
head,71,3,0.6047365784179419,0.8115234375,0.8115234375,0.8115189437614384,0.4951171875,0.6047365713947022
head,7595,1,0.6418610783293843,0.8115234375,0.8115234375,0.811514629570817,0.4931640625,0.6418610744364397
head,7595,2,0.6129597544204444,0.8134765625,0.8134765625,0.8134721153286774,0.4951171875,0.6129597482238842
head,7595,3,0.6044421221595258,0.814453125,0.814453125,0.8144502937361715,0.49609375,0.6044421159059434
head,1676,1,0.6385791231878102,0.8125,0.8125,0.812474247256856,0.48828125,0.6385791151309133
head,1676,2,0.6098307189531624,0.8134765625,0.8134765625,0.8134464954926856,0.4873046875,0.6098307136935672
head,1676,3,0.6016514864750206,0.8115234375,0.8115234375,0.811501685813888,0.4892578125,0.6016514849666936
mlp,13,1,0.4272256740659941,0.818359375,0.818359375,0.8183586820933613,0.498046875,0.42722568743486694
mlp,13,2,0.41943844975321554,0.8212890625,0.8212890625,0.8212848015976333,0.4951171875,0.4194384491607155
mlp,13,3,0.41233989581814967,0.8251953125,0.8251953125,0.8251818082108164,0.4912109375,0.4123398935538374
mlp,42,1,0.4247833077679388,0.8173828125,0.8173828125,0.8173826383425125,0.4990234375,0.4247833136201392
mlp,42,2,0.4165523727715481,0.82421875,0.82421875,0.8242127148225151,0.494140625,0.416552371946548
mlp,42,3,0.41282746783690527,0.822265625,0.822265625,0.8222486733125031,0.490234375,0.4128274737738392
mlp,71,1,0.42582919978303835,0.81640625,0.81640625,0.8163999465924047,0.494140625,0.4258292127884397
mlp,71,2,0.4150837995694019,0.822265625,0.822265625,0.8222486733125031,0.490234375,0.41508378944695457
mlp,71,3,0.41223609427106567,0.822265625,0.822265625,0.8222486733125031,0.490234375,0.41223611384189346
mlp,7595,1,0.42409545701229945,0.818359375,0.818359375,0.818359375,0.5,0.4240954337706687
mlp,7595,2,0.41537906229496,0.822265625,0.822265625,0.8222547762924983,0.4921875,0.41537906408712577
mlp,7595,3,0.4141286890662741,0.8212890625,0.8212890625,0.8212752564389911,0.4912109375,0.41412868753407317
mlp,1676,1,0.4248368047119584,0.8173828125,0.8173828125,0.8173812450706536,0.4970703125,0.42483681532164497
mlp,1676,2,0.4158416217251215,0.8232421875,0.8232421875,0.8232379731648722,0.4951171875,0.4158416124990609
mlp,1676,3,0.4118222545075696,0.8251953125,0.8251953125,0.8251871434879599,0.4931640625,0.4118222528311454
lcca,13,1,0.2970866794712492,0.890625,0.890625,0.8906212447784538,0.494140625,0.2970867434486804
lcca,13,2,0.2901212256110739,0.890625,0.890625,0.8906099775664993,0.48828125,0.29012118506906215
lcca,13,3,0.28891294878940244,0.89453125,0.89453125,0.8945248123054386,0.4921875,0.2889129232113541
lcca,42,1,0.2981117208564683,0.8857421875,0.8857421875,0.8857290012446886,0.4892578125,0.29811175163599984
lcca,42,2,0.29462111505108624,0.8857421875,0.8857421875,0.8857368479781637,0.4931640625,0.294621162622986
lcca,42,3,0.2981587842314184,0.8916015625,0.8916015625,0.8915989780182366,0.4951171875,0.29815856046303313
lcca,71,1,0.29575689490138757,0.89453125,0.89453125,0.8945167640819814,0.48828125,0.2957569344470731
lcca,71,2,0.2925431437088264,0.900390625,0.900390625,0.9003811246037106,0.490234375,0.2925431552375377
lcca,71,3,0.2911867886159598,0.89453125,0.89453125,0.89452119075687,0.490234375,0.29118677981848423
lcca,7595,1,0.2995101897904533,0.888671875,0.888671875,0.888637465037033,0.482421875,0.29951018510794836
lcca,7595,2,0.3031778915774339,0.8896484375,0.8896484375,0.8896432805259187,0.4931640625,0.3031776225107059
lcca,7595,3,0.3001454680234019,0.8896484375,0.8896484375,0.8896399124459344,0.4912109375,0.30014536936800285
lcca,1676,1,0.30236498097838194,0.8896484375,0.8896484375,0.8896399124459344,0.4912109375,0.3023649346694065
lcca,1676,2,0.28322010580995993,0.9033203125,0.9033203125,0.9033091548993519,0.4892578125,0.28322003373398086
lcca,1676,3,0.28596961977473256,0.892578125,0.892578125,0.8925715680888726,0.4921875,0.2859696033548538
token_mixer,13,1,0.4141493176284712,0.822265625,0.822265625,0.8222486733125031,0.490234375,0.4141493004769686
token_mixer,13,2,0.4050203939259518,0.828125,0.828125,0.8280718758466475,0.482421875,0.4050203664995888
token_mixer,13,3,0.4027629112242721,0.833984375,0.833984375,0.8338931297709924,0.4765625,0.4027629140588915
token_mixer,42,1,0.4112873657431919,0.822265625,0.822265625,0.8222412135455615,0.48828125,0.4112873838092121
token_mixer,42,2,0.4050087297218852,0.8291015625,0.8291015625,0.82906488380323,0.4853515625,0.40500874409285864
token_mixer,42,3,0.40514183035702445,0.8291015625,0.8291015625,0.8290427059334202,0.4814453125,0.4051418567181678
token_mixer,71,1,0.40906634903512895,0.826171875,0.826171875,0.8261393769434746,0.486328125,0.40906636101017135
token_mixer,71,2,0.4015399655327201,0.8291015625,0.8291015625,0.8290296574391658,0.4794921875,0.40153995542237153
token_mixer,71,3,0.3987627043534303,0.83203125,0.83203125,0.8319671505548687,0.48046875,0.39876270039090034
token_mixer,7595,1,0.40803091951238457,0.828125,0.828125,0.8280928670901773,0.486328125,0.40803089849745156
token_mixer,7595,2,0.40258330207143445,0.8359375,0.8359375,0.8358867905808909,0.482421875,0.40258331046995827
token_mixer,7595,3,0.4028930581116583,0.8359375,0.8359375,0.8358748912396392,0.48046875,0.4028930656563958
token_mixer,1676,1,0.41469978871464264,0.8251953125,0.8251953125,0.8251751386564039,0.4892578125,0.4146997556388812
token_mixer,1676,2,0.40591135357681196,0.828125,0.828125,0.8280594098700982,0.48046875,0.4059113709992831
token_mixer,1676,3,0.4038404654857004,0.830078125,0.830078125,0.8299996565187026,0.478515625,0.4038404449139241
lora,13,1,0.26537296021706425,0.9130859375,0.9130859375,0.9130759069297204,0.4892578125,0.2653729617697771
lora,13,2,0.26574938919475244,0.9208984375,0.9208984375,0.9208977585600158,0.4970703125,0.2657494067021424
lora,13,3,0.2722431611200591,0.9248046875,0.9248046875,0.9247988783923624,0.4912109375,0.27224299685806963
lora,42,1,0.2355421316869979,0.9228515625,0.9228515625,0.9228514889254464,0.4990234375,0.23554214516956823
lora,42,2,0.23041425293308748,0.92578125,0.92578125,0.9257787018139508,0.505859375,0.23041418334050448
lora,42,3,0.2616644409222886,0.9287109375,0.9287109375,0.9287103256158167,0.5029296875,0.2616645660988839
lora,71,1,0.2668749806084634,0.9150390625,0.9150390625,0.915032498962799,0.4912109375,0.26687492886167086
lora,71,2,0.24881250587827708,0.9091796875,0.9091796875,0.9091789079763144,0.4970703125,0.24881235095740928
lora,71,3,0.26483739609705026,0.9189453125,0.9189453125,0.9189446167960655,0.4970703125,0.26483740237689624
lora,7595,1,0.2602473645856662,0.91015625,0.91015625,0.9101548790722515,0.49609375,0.26024730851443334
lora,7595,2,0.27028500159121904,0.9208984375,0.9208984375,0.9208983620627995,0.4990234375,0.27028496100068555
lora,7595,3,0.2779444356026488,0.927734375,0.927734375,0.9277318938714785,0.505859375,0.2779439340499116
lora,1676,1,0.22752597156613774,0.9189453125,0.9189453125,0.9189433799595823,0.4951171875,0.2275259602425424
lora,1676,2,0.228258209548585,0.9287109375,0.9287109375,0.9287108695133872,0.5009765625,0.22825832165391752
lora,1676,3,0.26972873379150997,0.9287109375,0.9287109375,0.9287076060034696,0.5068359375,0.26972849191041237
fullft_lraa,13,1,0.23562710719011193,0.9248046875,0.9248046875,0.9248040420879162,0.5029296875,0.23562715956439045
fullft_lraa,13,2,0.4015736836112227,0.919921875,0.919921875,0.9199069039851961,0.513671875,0.4015445327855929
fullft_lraa,13,3,0.5401339853178397,0.9267578125,0.9267578125,0.9267560662285382,0.5048828125,0.5306711402738447
fullft_lraa,42,1,0.2618414031908287,0.919921875,0.919921875,0.9199108764326156,0.48828125,0.2618414635304816
fullft_lraa,42,2,0.3345403119602679,0.921875,0.921875,0.9218723176988957,0.494140625,0.3345332431298183
fullft_lraa,42,3,0.5427004532510236,0.9267578125,0.9267578125,0.9267571838518665,0.4970703125,0.5326695186684852
fullft_lraa,71,1,0.24774073519120066,0.923828125,0.923828125,0.9238278344262483,0.498046875,0.2477409441088847
fullft_lraa,71,2,0.357437280085076,0.921875,0.921875,0.9218675487087926,0.509765625,0.35744214027882215
fullft_lraa,71,3,0.501291699654921,0.921875,0.921875,0.9218702313373619,0.5078125,0.501027544149117
fullft_lraa,7595,1,0.22389040827783901,0.9326171875,0.9326171875,0.932611981936013,0.4912109375,0.22389034021472518
fullft_lraa,7595,2,0.3257684648370569,0.931640625,0.931640625,0.9316403642286843,0.498046875,0.3257669802971498
fullft_lraa,7595,3,0.45501359115979073,0.93359375,0.93359375,0.9335934966792934,0.501953125,0.45122887193831696
fullft_lraa,1676,1,0.21568626473708719,0.927734375,0.927734375,0.9277274825556331,0.490234375,0.21568624201833014
fullft_lraa,1676,2,0.3418350273229507,0.919921875,0.919921875,0.919921875,0.5,0.3418363076712837
fullft_lraa,1676,3,0.5281305102590546,0.923828125,0.923828125,0.9238269626916915,0.49609375,0.5267160294757327
fullft_none,13,1,0.236064593811534,0.923828125,0.923828125,0.9238278344262483,0.498046875,0.2360645867118511
fullft_none,13,2,0.331101232171342,0.9267578125,0.9267578125,0.9267577426507403,0.4990234375,0.33109682765024956
fullft_none,13,3,0.4393714300090039,0.9267578125,0.9267578125,0.9267560662285382,0.4951171875,0.43939453028415093
fullft_none,42,1,0.27783749190984963,0.9150390625,0.9150390625,0.9150208279478915,0.4853515625,0.2778377923682747
fullft_none,42,2,0.3243430878445679,0.9228515625,0.9228515625,0.922850900323966,0.4970703125,0.324344417274006
fullft_none,42,3,0.4701041346868231,0.9208984375,0.9208984375,0.9208983620627995,0.5009765625,0.46989823625954147
fullft_none,71,1,0.24058910260191624,0.9267578125,0.9267578125,0.9267577426507403,0.4990234375,0.2405890808937235
fullft_none,71,2,0.2862269404029121,0.923828125,0.923828125,0.9238278344262483,0.501953125,0.286226731395053
fullft_none,71,3,0.4214082052221322,0.9228515625,0.9228515625,0.922850900323966,0.5029296875,0.421448651460574
fullft_none,7595,1,0.23448439899766527,0.9228515625,0.9228515625,0.9228479571818371,0.4931640625,0.23448432361228513
fullft_none,7595,2,0.35399228158584606,0.927734375,0.927734375,0.9277340993274663,0.498046875,0.3539898866732377
fullft_none,7595,3,0.47133390347187465,0.9248046875,0.9248046875,0.9248040420879162,0.4970703125,0.47131758728400075
fullft_none,1676,1,0.24099839112022892,0.916015625,0.916015625,0.916015625,0.5,0.24099839367427855
fullft_none,1676,2,0.34865244076911495,0.91796875,0.91796875,0.9179659335838404,0.505859375,0.34864999636228033
fullft_none,1676,3,0.4551474109931639,0.923828125,0.923828125,0.9238278344262483,0.498046875,0.4552123456083515
