arm,seed,epoch,state,loss,accuracy,balanced_accuracy,macro_f1,predicted_yes_rate,true_yes_rate,log_loss,adapter_alpha,mean_relative_branch_norm_cls
lraa,7595,1,on,0.2899078183964077,0.8877675840978593,0.8883739637930493,0.8823936852497168,0.5920489296636086,0.6217125382262997,0.2899078162986045,0.10085663944482803,0.14907402607074025
lraa,7595,1,norm_only,0.626063775323582,0.8837920489296636,0.8799540802307599,0.8773031093086515,0.6082568807339449,0.6217125382262997,0.6260637747231198,0.10085663944482803,0.14907402607074025
lraa,7595,1,off,0.6367345008645947,0.8837920489296636,0.8797958184697837,0.8772666070350552,0.608868501529052,0.6217125382262997,0.636734500766203,0.10085663944482803,0.14907402607074025
lraa,7595,2,on,0.39363632229141127,0.890519877675841,0.8829908768854722,0.8834756517802647,0.6241590214067279,0.6217125382262997,0.39363614821816706,0.10106931626796722,0.2155845058734446
lraa,7595,2,norm_only,0.6212114904998639,0.8892966360856269,0.8766262091814885,0.8809051905754388,0.6437308868501529,0.6217125382262997,0.6212114874787007,0.10106931626796722,0.2155845058734446
lraa,7595,2,off,0.6328329579910371,0.8896024464831804,0.8771886746611389,0.8812962716227529,0.6428134556574924,0.6217125382262997,0.6328329545041719,0.10106931626796722,0.2155845058734446
lraa,7595,3,on,0.6245604284653382,0.8880733944954129,0.8813398647458408,0.8810984223947698,0.6204892966360857,0.6217125382262997,0.6245553153676137,0.10124780237674713,0.3063859861025114
lraa,7595,3,norm_only,0.6152782926501119,0.8902140672782874,0.878471867381416,0.8821172087908049,0.6403669724770642,0.6217125382262997,0.6152782882322455,0.10124780237674713,0.3063859861025114
lraa,7595,3,off,0.6279323685788962,0.8917431192660551,0.8801763624528346,0.8837790221124873,0.6400611620795107,0.6217125382262997,0.6279323649019259,0.10124780237674713,0.3063859861025114
lraa,1676,1,on,0.30650940950196637,0.8899082568807339,0.8866137987554581,0.8837953091684434,0.6076452599388379,0.6217125382262997,0.30650940456553216,0.10085894912481308,0.15887475256047665
lraa,1676,1,norm_only,0.6142965709762107,0.8871559633027523,0.8856664152239861,0.8813221831808424,0.6,0.6217125382262997,0.6142965629605216,0.10085894912481308,0.15887475256047665
lraa,1676,1,off,0.6196498286104348,0.8871559633027523,0.8855081534630099,0.8812882764708214,0.600611620795107,0.6217125382262997,0.6196498231223222,0.10085894912481308,0.15887475256047665
lraa,1676,2,on,0.3678521371888002,0.8889908256880734,0.8771715760286716,0.880803751507137,0.6403669724770642,0.6217125382262997,0.3678520822698187,0.1009523868560791,0.20245233787742048
lraa,1676,2,norm_only,0.6156428013008304,0.8889908256880734,0.88017854948722,0.8815612116335645,0.6287461773700306,0.6217125382262997,0.615642795878539,0.1009523868560791,0.20245233787742048
lraa,1676,2,off,0.6201835535352748,0.8886850152905199,0.8797743457685459,0.8812155082081732,0.6290519877675841,0.6217125382262997,0.6201835476957663,0.1009523868560791,0.20245233787742048
lraa,1676,3,on,0.5822270542564848,0.890519877675841,0.8828326151244958,0.8834382925710207,0.6247706422018349,0.6217125382262997,0.5822258494393502,0.10114804655313492,0.2852281493046506
lraa,1676,3,norm_only,0.6001386916236411,0.8850152905198777,0.8787221834078847,0.8780025567946161,0.6180428134556575,0.6217125382262997,0.600138683998158,0.10114804655313492,0.2852281493046506
lraa,1676,3,off,0.605626010202122,0.8837920489296636,0.8775801538161165,0.8767430160327321,0.6174311926605505,0.6217125382262997,0.6056260026966558,0.10114804655313492,0.2852281493046506
