model,seed,adapter_state,loss,accuracy,balanced_accuracy,macro_f1,predicted_yes_rate,true_yes_rate
lcca,13,off,0.6930981074633584,0.537308868501529,0.5512911256904567,0.5345666031257681,0.45504587155963305,0.6217125382262997
lcca,13,on,0.35852765535952846,0.8412844036697248,0.8362724424521666,0.8328874550236318,0.6024464831804281,0.6217125382262997
lcca,42,off,0.6910518223357127,0.6302752293577981,0.6039008342939716,0.6044859401691232,0.6336391437308868,0.6217125382262997
lcca,42,on,0.36238724955753493,0.8480122324159022,0.8450066625020229,0.8404256415931181,0.5963302752293578,0.6217125382262997
lcca,71,off,0.6925075412525679,0.5385321100917431,0.5331252204431249,0.52761999909821,0.5302752293577981,0.6217125382262997
lcca,71,on,0.37088761237031276,0.8336391437308869,0.8355047933829087,0.8270127293767565,0.5740061162079511,0.6217125382262997
mlp,13,off,0.688291805308164,0.7617737003058104,0.7402003959725165,0.7432194058643026,0.6470948012232416,0.6217125382262997
mlp,13,on,0.4902422700088688,0.7886850152905199,0.7700728998207029,0.7728648728087719,0.6422018348623854,0.6217125382262997
mlp,42,off,0.684807604569543,0.7125382262996942,0.6759149060708496,0.6808762458471761,0.6932721712538227,0.6217125382262997
mlp,42,on,0.4954196904777387,0.7877675840978593,0.7702846445134663,0.7724657693018786,0.6376146788990825,0.6217125382262997
mlp,71,off,0.684392308459734,0.6590214067278287,0.6216384784443902,0.6240755773005388,0.6831804281345566,0.6217125382262997
mlp,71,on,0.49493211062129483,0.7834862385321101,0.7628849130812889,0.7664154688257332,0.6486238532110091,0.6217125382262997
