model,seed,metric,archived_percent,recalculated_percent,difference_points,pass
mlp,13,accuracy,78.868501529052,78.868501529052,0.0,True
mlp,13,balanced_accuracy,77.00728998207029,77.00728998207029,0.0,True
mlp,13,macro_f1,77.2864872808772,77.2864872808772,0.0,True
mlp,42,accuracy,78.77675840978593,78.77675840978593,0.0,True
mlp,42,balanced_accuracy,77.02846445134664,77.02846445134664,0.0,True
mlp,42,macro_f1,77.24657693018786,77.24657693018786,0.0,True
mlp,71,accuracy,78.34862385321101,78.34862385321101,0.0,True
mlp,71,balanced_accuracy,76.2884913081289,76.2884913081289,0.0,True
mlp,71,macro_f1,76.64154688257332,76.64154688257332,0.0,True
lcca,13,accuracy,84.12844036697248,84.12844036697248,0.0,True
lcca,13,balanced_accuracy,83.62724424521666,83.62724424521666,0.0,True
lcca,13,macro_f1,83.28874550236318,83.28874550236318,0.0,True
lcca,42,accuracy,84.80122324159022,84.80122324159022,0.0,True
lcca,42,balanced_accuracy,84.5006662502023,84.5006662502023,0.0,True
lcca,42,macro_f1,84.04256415931181,84.04256415931181,0.0,True
lcca,71,accuracy,83.36391437308869,83.36391437308869,0.0,True
lcca,71,balanced_accuracy,83.55047933829087,83.55047933829087,0.0,True
lcca,71,macro_f1,82.70127293767565,82.70127293767565,0.0,True
