regime,seed,epoch,val_loss,val_accuracy,val_balanced_accuracy,val_macro_f1,val_predicted_sem1_rate,val_log_loss
frozen,13,1,0.36054206003528433,0.8605947955390335,0.8613088995602657,0.8541610192464082,0.5864312267657993,0.36054205277951684
frozen,13,2,0.30384619175335287,0.8866171003717472,0.8831521039171313,0.8801471044741234,0.6087360594795539,0.3038461730629421
frozen,13,3,0.3272888119034746,0.8828996282527881,0.8835973579142977,0.877190312622288,0.5920074349442379,0.32728882232193424
frozen,42,1,0.3355903999956124,0.8522304832713755,0.8384519144081986,0.8412488969431755,0.6394052044609665,0.3355904013842824
frozen,42,2,0.30819305511655415,0.879182156133829,0.8708285036153889,0.8711913602074493,0.6254646840148699,0.3081930536203273
frozen,42,3,0.3233151809263933,0.8838289962825279,0.8809166344685471,0.8773668427295862,0.6059479553903345,0.32331516326060666
frozen,71,1,0.35536872523535584,0.8568773234200744,0.8617541535574322,0.8513214752286202,0.5697026022304833,0.35536871892745836
frozen,71,2,0.3008669362019152,0.8884758364312267,0.8831741826277345,0.8816728555037885,0.6161710037174721,0.30086693618153737
frozen,71,3,0.3060589214911525,0.8884758364312267,0.8841530054644808,0.8818945173151858,0.612453531598513,0.30605890816864056
fullft,13,1,0.3136732464164606,0.8856877323420075,0.8833857702710162,0.8794371401164744,0.604089219330855,0.31367323692377747
fullft,13,2,0.3410229346330613,0.9005576208178439,0.8918823940681864,0.8936081933112847,0.6319702602230484,0.34102292062785533
fullft,13,3,0.5003383925085503,0.8940520446096655,0.8822615959227982,0.8859978810015057,0.6421933085501859,0.5003383538108905
fullft,42,1,0.33863989333362493,0.887546468401487,0.8897701974204706,0.8823083814012602,0.587360594795539,0.3386398812007343
fullft,42,2,0.4238317894015148,0.8996282527881041,0.8960313517690568,0.8937050655836672,0.612453531598513,0.42383177432290664
fullft,42,3,0.5503096202852606,0.8986988847583643,0.8908814925208368,0.8918378545375737,0.6282527881040892,0.5503091456106188
fullft,71,1,0.3431178858178256,0.879182156133829,0.8762120292174937,0.8725188196051985,0.6050185873605948,0.34311789544275134
fullft,71,2,0.34988599330218,0.8968401486988847,0.8840076539530092,0.8886995093631039,0.6468401486988847,0.3498859912599499
fullft,71,3,0.48331427193492593,0.8968401486988847,0.8854758882081286,0.8890568119856839,0.6412639405204461,0.4833142886577109
