model,seed,gate_value,archived_adapter_alpha,gate_parameterization,mean_relative_branch_norm_cls,median_relative_branch_norm_cls
lcca,13,0.1014816090464592,0.1014816090464592,sigmoid,0.18847896184327953,0.17504101246595383
lcca,42,0.10189054906368256,0.1018905490636825,sigmoid,0.18960624049767988,0.17701950669288635
lcca,71,0.10146928578615189,0.1014692857861518,sigmoid,0.1969954123623692,0.18392272293567657
mlp,13,0.11487847566604614,0.1148784756660461,sigmoid,0.45443629128032503,0.4396384358406067
mlp,42,0.1140158399939537,0.1140158399939537,sigmoid,0.4431237458658692,0.4318237900733948
mlp,71,0.11459428817033768,0.1145942881703376,sigmoid,0.43824618300394547,0.42557667195796967
token_mixer,13,-0.086107037961483,,tanh,0.4122722337096474,0.40673115849494934
token_mixer,42,0.0797245129942894,,tanh,0.35161660234885295,0.3508302867412567
token_mixer,71,-0.08644304424524307,,tanh,0.40112812558604855,0.39737680554389954
