model,quantity,mean_points,sd_points,ci95_low,ci95_high,positive_seeds,seed_13,seed_42,seed_71
lcca,A_on_minus_norm_only,27.578702420569886,3.4607133655971176,18.98181383920837,36.1755910019314,3,28.652755007215227,23.70830766881619,30.375044585678253
lcca,B_norm_only_minus_off,0.03685484308161335,0.3165847118709668,-0.749585178670244,0.8232948648334707,1,-0.15462333104423465,0.4022751519889525,-0.13708729169987777
lcca,G_on_minus_head_only,23.425888628521346,0.3619313631924763,22.526801280115897,24.324975976926794,3,23.320804939993742,23.828733734925876,23.128127210644408
mlp,A_on_minus_norm_only,8.668622273049786,5.094441545812336,-3.9866720916862217,21.323916637785793,3,3.3632214777910576,9.120669025747759,13.521976315610544
mlp,B_norm_only_minus_off,0.1810002912069398,0.5031537419562109,-1.068902894041784,1.4309034764556634,2,-0.3759710929724207,0.31630481851391323,0.6026671480793269
mlp,G_on_minus_head_only,16.307840597800006,0.4194805780460598,15.265793074489771,17.34988812111024,3,16.700850676847374,16.356531936070212,15.866139180482435
token_mixer,A_on_minus_norm_only,19.10755609776335,1.6207722649576881,15.081334592071542,23.133777603455158,3,20.947355696488927,17.89057750034695,18.484735096454173
token_mixer,B_norm_only_minus_off,-0.164677061839915,0.6908346455705501,-1.8808054575499311,1.5514513338701013,1,0.6043770113260649,-0.36571191349204923,-0.7326962833537607
token_mixer,G_on_minus_head_only,22.542777398470907,0.3928913356091936,21.566781215027447,23.518773581914367,3,22.943342687213125,22.158038285826322,22.526951222373285
