model,seed,on,norm_only,off,A_on_minus_norm_only,B_norm_only_minus_off,on_minus_off,share_A,G_on_minus_head_only
lcca,13,83.62724424521666,54.97448923800143,55.12911256904567,28.652755007215227,-0.15462333104423465,28.498131676170992,1.00542573572195,23.320804939993742
lcca,42,84.5006662502023,60.79235858138611,60.39008342939716,23.70830766881619,0.4022751519889525,24.110582820805142,0.9833154115361398,23.828733734925876
lcca,71,83.55047933829087,53.17543475261262,53.312522044312495,30.375044585678253,-0.13708729169987777,30.237957293978376,1.0045336161555853,23.128127210644408
mlp,13,77.00728998207029,73.64406850427923,74.02003959725165,3.3632214777910576,-0.3759710929724207,2.987250384818637,1.1258585804802723,16.700850676847374
mlp,42,77.02846445134664,67.90779542559888,67.59149060708496,9.120669025747759,0.31630481851391323,9.436973844261672,0.96648238898042,16.356531936070212
mlp,71,76.2884913081289,62.76651499251835,62.163847844439026,13.521976315610544,0.6026671480793269,14.124643463689871,0.9573322222519387,15.866139180482435
token_mixer,13,83.24978199243604,62.302426295947114,61.69804928462105,20.947355696488927,0.6043770113260649,21.551732707814992,0.9719569178255951,22.943342687213125
token_mixer,42,82.82997080110275,64.9393933007558,65.30510521424785,17.89057750034695,-0.36571191349204923,17.5248655868549,1.020868172236731,22.158038285826322
token_mixer,71,82.94930335001975,64.46456825356557,65.19726453691933,18.484735096454173,-0.7326962833537607,17.752038813100413,1.0412739230162709,22.526951222373285
