model,seed,comparison,on_only_correct,norm_only_only_correct,exact_two_sided_p,off_only_correct
lcca,13,on_vs_norm_only,1241.0,242,9.189741765307781e-162,
lcca,13,norm_only_vs_off,,217,0.8486238819956077,222.0
lcca,42,on_vs_norm_only,914.0,219,2.5714366649840277e-101,
lcca,42,norm_only_vs_off,,90,0.20999518680228396,73.0
lcca,71,on_vs_norm_only,1218.0,250,7.608822774391589e-153,
lcca,71,norm_only_vs_off,,53,0.8481947835965659,56.0
mlp,13,on_vs_norm_only,239.0,137,1.6087388693445567e-07,
mlp,13,norm_only_vs_off,,42,0.18884671980890244,56.0
mlp,42,on_vs_norm_only,393.0,156,1.3522045796390952e-24,
mlp,42,norm_only_vs_off,,27,0.23269319190831084,18.0
mlp,71,on_vs_norm_only,577.0,190,3.827843962212316e-46,
mlp,71,norm_only_vs_off,,37,0.009073340339587177,17.0
token_mixer,13,on_vs_norm_only,800.0,243,6.999539206613398e-70,
token_mixer,13,norm_only_vs_off,,56,0.02630166513112228,34.0
token_mixer,42,on_vs_norm_only,724.0,216,1.0559373007257853e-64,
token_mixer,42,norm_only_vs_off,,72,0.9340795771546327,74.0
token_mixer,71,on_vs_norm_only,681.0,237,2.086816729698334e-50,
token_mixer,71,norm_only_vs_off,,41,0.02502134999189903,65.0
