model,seed,state,accuracy,balanced_accuracy,macro_f1,predicted_yes_rate,log_loss
lcca,13,norm_only,0.5357798165137615,0.5497448923800143,0.5330504966887417,0.4547400611620795,0.6931213244767398
lcca,13,off,0.537308868501529,0.5512911256904567,0.5345666031257681,0.45504587155963305,0.6930981022772884
lcca,13,on,0.8412844036697248,0.8362724424521666,0.8328874550236318,0.6024464831804281,0.3585276425440937
lcca,42,norm_only,0.635474006116208,0.6079235858138611,0.6087913746699982,0.6394495412844037,0.6907393382723751
lcca,42,off,0.6302752293577981,0.6039008342939716,0.6044859401691232,0.6336391437308868,0.691051826661532
lcca,42,on,0.8480122324159022,0.8450066625020229,0.8404256415931181,0.5963302752293578,0.3623872431387793
lcca,71,norm_only,0.5376146788990825,0.5317543475261262,0.526454434561938,0.5318042813455658,0.6924514590558746
lcca,71,off,0.5385321100917431,0.5331252204431249,0.52761999909821,0.5302752293577981,0.6925075450111793
lcca,71,on,0.8336391437308869,0.8355047933829087,0.8270127293767565,0.5740061162079511,0.37088762523207375
mlp,13,norm_only,0.7574923547400612,0.7364406850427923,0.739064388791052,0.6440366972477064,0.6872041418643214
mlp,13,off,0.7617737003058104,0.7402003959725165,0.7432194058643026,0.6470948012232416,0.688291801784751
mlp,13,on,0.7886850152905199,0.7700728998207029,0.7728648728087719,0.6422018348623854,0.49024227362437317
mlp,42,norm_only,0.7152905198776759,0.6790779542559888,0.684134054064822,0.692354740061162,0.6831479940084743
mlp,42,off,0.7125382262996942,0.6759149060708496,0.6808762458471761,0.6932721712538227,0.684807602771294
mlp,42,on,0.7877675840978593,0.7702846445134663,0.7724657693018786,0.6376146788990825,0.49541968361527894
mlp,71,norm_only,0.6651376146788991,0.6276651499251835,0.6303612789696922,0.6850152905198776,0.682663419140336
mlp,71,off,0.6590214067278287,0.6216384784443902,0.6240755773005388,0.6831804281345566,0.6843923064910545
mlp,71,on,0.7834862385321101,0.7628849130812889,0.7664154688257332,0.6486238532110091,0.494932108480062
token_mixer,13,norm_only,0.6633027522935779,0.6230242629594711,0.6256554826805341,0.6954128440366972,0.6882130552401476
token_mixer,13,off,0.6565749235474007,0.6169804928462105,0.6193169431281463,0.691131498470948,0.6890414286656394
token_mixer,13,on,0.8336391437308869,0.8324978199243604,0.8261660850313333,0.5856269113149847,0.39564170044860053
token_mixer,42,norm_only,0.6724770642201835,0.649393933007558,0.650096898072739,0.6311926605504588,0.6884206579185294
token_mixer,42,off,0.6730886850152905,0.6530510521424785,0.6528799958770171,0.6195718654434251,0.6892304618669312
token_mixer,42,on,0.82782874617737,0.8282997080110275,0.8206777758827237,0.5779816513761468,0.403360561162278
token_mixer,71,norm_only,0.6951070336391437,0.6446456825356557,0.6484750149847662,0.7425076452599388,0.688395142802512
token_mixer,71,off,0.7024464831804281,0.6519726453691933,0.6564061843452726,0.7443425076452599,0.689256920046795
token_mixer,71,on,0.8308868501529052,0.8294930335001974,0.8232667201531999,0.5859327217125382,0.3927859914686181
