file,bytes,sha256
d4_fullft_gate_and_branch_norm.csv,202,ee0e30a0962438e4de42f40285c6e88cc23e0ce9d39ab50b9baab44624d5d5dc
full_state_checkpoint_manifest.csv,987,1dc42d69d54e19d0abe3c3f5a6f7ef28cd763386d91ae4708a9a15fb281e672c
fullft_analysis_summary.json,2453,ddcbd80913c0e8911a92204400d9c2c4b3b0dfd277ebd7b585fee3d45d7854a2
fullft_decomposition_by_seed.csv,818,2da3ff00a9fc8d7ff3560da469536f90946d9cbf86ed2dc990bd592754cc164b
fullft_predictions.csv,1747917,ecb45e52dad6b2ffa9ff01162d09ae1dd627f54e20239e383b30b8671a905127
fullft_run_results.csv,2066,97218bab23fd2e1f8e40ecab8df9a374c24988c1c69a1e57fa392819fe9b8896
fullft_table.md,552,08412536d0c734f84f39fae0f0855f96d081b8bee0581abfacc9b71247ef77f0
locked_config_before_training.json,670,ec37d8b52120b9af4328c7093c4a5fc077a5c76dd0c9ffab7718c1bfd987380f
mcnemar_fullft.csv,469,88f15d27a75c5f13cfb04c681bc6b8acc4a0c85ca5e5dbbc725b8212a3821269
optimization_validity.json,969,8674399016af6c6896c11ace667c6e67f51620081d1fb3c4627835ebd92e39d1
parameter_counts.csv,46,4f7bba6934c86f21fdb7a98442c11efb4c33be69aea255523d5ab66e10d5bc0a
rerun_vs_archived_control.csv,425,e7150723dea14d65f6e2cd5adcca90764fe90ef679e5bed906df9cef975cbf32
run_environment.json,785,3a348e49327f343a7136c14502c64d2e69784cc33bb4d6e8f4093b08f0e51cce
runtime_by_run.csv,455,813d959e9ba7fbd3e0f654019d307741620a1d73748c5764ab1d985ccbe8ef6e
training_history.csv,3405,0e93beb23fde807d74081873b28b8f99a03b2035f92d1d4f65b6cc207f4f7c3f
