arm,seed,state,best_epoch,loss,accuracy,balanced_accuracy,macro_f1,predicted_yes_rate,true_yes_rate,log_loss,adapter_alpha
lraa,13,on,2,0.3785948992807942,0.8951070336391437,0.8871547915338707,0.8881960013480954,0.6269113149847095,0.6217125382262997,0.37859487115027,0.1013883650302887
lraa,13,norm_only,2,0.5603990028393013,0.8902140672782874,0.8803710085131307,0.8825953886839408,0.6330275229357798,0.6217125382262997,0.560398999067447,0.1013883650302887
lraa,13,off,2,0.5693755285090992,0.8896024464831804,0.8798791245977348,0.8819806047365522,0.6324159021406728,0.6217125382262997,0.569375524976613,0.1013883650302887
lraa,42,on,3,0.6045834938379643,0.890519877675841,0.8825160916025434,0.8833632233381157,0.6259938837920489,0.6217125382262997,0.6045820879797343,0.1015883386135101
lraa,42,norm_only,3,0.3175709864232883,0.8902140672782874,0.8813205790789882,0.8828279747224709,0.6293577981651376,0.6217125382262997,0.3175709829407682,0.1015883386135101
lraa,42,off,3,0.3259619602551883,0.8902140672782874,0.8813205790789882,0.8828279747224709,0.6293577981651376,0.6217125382262997,0.3259619592079627,0.1015883386135101
lraa,71,on,3,0.532310132383809,0.8920489296636086,0.8843788484349383,0.8850477874604485,0.6250764525993884,0.6217125382262997,0.5323101901765198,0.1013480499386787
lraa,71,norm_only,3,0.689451434269593,0.6749235474006117,0.578719320381053,0.5438241833118085,0.9143730886850152,0.6217125382262997,0.6894514357860716,0.1013480499386787
lraa,71,off,3,0.6902587164432631,0.671559633027523,0.5753809118024702,0.5397384147620046,0.9134556574923548,0.6217125382262997,0.6902587191618289,0.1013480499386787
none,13,on,2,0.38699827814825016,0.8926605504587156,0.8843959470674057,0.8855511819856561,0.6275229357798165,0.6217125382262997,0.3869982812991207,
none,42,on,2,0.4132333682989559,0.882262996941896,0.8790408939642225,0.8758536142578173,0.6055045871559633,0.6217125382262997,0.41323337306478397,
none,71,on,1,0.2957263258339934,0.8938837920489296,0.8902858294884606,0.8878748313586831,0.6097859327217126,0.6217125382262997,0.29572632640782454,
