arm,seed,epoch,train_loss,train_accuracy,val_loss,val_accuracy,val_balanced_accuracy,val_macro_f1,val_predicted_yes_rate,val_true_yes_rate,val_log_loss
lraa,13,1,0.4149850571937698,0.8033768410968746,0.3066374170455431,0.8838289962825279,0.8784695773766813,0.8768007020070036,0.6152416356877324,0.6236059479553904,0.306637382907086
lraa,13,2,0.1909894953392035,0.9470722069213268,0.3506679615688763,0.9033457249070632,0.8936284520983975,0.8963252842383007,0.6366171003717472,0.6236059479553904,0.3506679880857816
lraa,13,3,0.0945784113917411,0.9765297569153396,0.561662270764175,0.8986988847583643,0.8874556125922246,0.8910557883463022,0.6412639405204461,0.6236059479553904,0.5616596816224934
lraa,42,1,0.4175139205859444,0.798946233983954,0.3016737244060768,0.8894052044609665,0.8883240418759544,0.8835640791310317,0.6003717472118959,0.6236059479553904,0.3016737516213937
lraa,42,2,0.1860632400084311,0.9458747455394564,0.4110047230025282,0.8968401486988847,0.8903700023918604,0.8901789433323126,0.6226765799256505,0.6236059479553904,0.4110046757764713
lraa,42,3,0.085384999116169,0.9792839180936416,0.566163554779873,0.9014869888475836,0.893116961969421,0.8946559527108155,0.6310408921933085,0.6236059479553904,0.5661577368417589
lraa,71,1,0.4747794296820202,0.7662555382588911,0.3258470456119363,0.8828996282527881,0.8831079464959246,0.8770865442149733,0.5938661710037175,0.6236059479553904,0.3258470442716378
lraa,71,2,0.2322520982159484,0.9273140941204646,0.3764931311394645,0.8931226765799256,0.8824952622766831,0.8853000746189106,0.637546468401487,0.6236059479553904,0.376493138311895
lraa,71,3,0.119293030032478,0.97245838821698,0.5127305720859644,0.8996282527881041,0.8896690033302055,0.8923377951705429,0.6366171003717472,0.6236059479553904,0.5127304191762428
none,13,1,0.46690404686107456,0.7596695006586037,0.2986898317164482,0.8810408921933085,0.8781917536015897,0.8744800685343492,0.6050185873605948,0.6236059479553904,0.2986898258773206
none,13,2,0.22118644594514184,0.9343791162735002,0.36339047452223705,0.9070631970260223,0.8985667237033357,0.9005177514792899,0.6328996282527881,0.6236059479553904,0.36339045263651876
none,13,3,0.11493238215853013,0.9735361034606634,0.5221622849524745,0.9033457249070632,0.8946072749351438,0.8965384615384615,0.6328996282527881,0.6236059479553904,0.522162051485719
none,42,1,0.4635207069363682,0.7726020835828045,0.3230681881502437,0.8801115241635687,0.8813618884657136,0.8744235910380111,0.5892193308550185,0.6236059479553904,0.32306818121760883
none,42,2,0.2252255941541209,0.9277930786732128,0.38346732694648733,0.8921933085501859,0.8876230428142997,0.8857247491393833,0.6143122676579925,0.6236059479553904,0.38346734794457116
none,42,3,0.11403938343724208,0.9709016884205485,0.5195714348445034,0.8968401486988847,0.886454711044875,0.8892896372408615,0.637546468401487,0.6236059479553904,0.5195711772847165
none,71,1,0.4456818600667215,0.7783498982157825,0.2891567884805893,0.8903345724907064,0.8846644955934573,0.883534401784666,0.6180297397769516,0.6236059479553904,0.2891567906546063
none,71,2,0.2070660026331975,0.9386899772482338,0.38892308261992453,0.8894052044609665,0.8809828706003568,0.8819147219263419,0.6282527881040892,0.6236059479553904,0.38892313301649184
none,71,3,0.10363895034541731,0.9766495030535265,0.52134155064311,0.8940520446096655,0.8832404187595444,0.8862380964746646,0.6384758364312267,0.6236059479553904,0.5213422945721151
