model,seed,filename,bytes,sha256
head,13,head_seed13.pt,6469,83de0e7566bb55a78951bd8cf442c44f224693dc63c6023986e4f338563cc724
head,42,head_seed42.pt,6469,1f5100a9d5288da873eb18f91e8edb78ae8fbb70fe961699c71089477d3ea658
head,71,head_seed71.pt,6469,fb874adcb1b2ecfefae9aa062fddf2323ab97f48d05ba508c222573887b59713
mlp,13,mlp_seed13.pt,4210232,5a5b6e1aee18a56b923e88b48f4387bcf10caa94c04911aa716317c573cd0c50
mlp,42,mlp_seed42.pt,4210232,b7182a38c7540d8048947c56bf5b133b9a2f94b3e560b9c6b43179cc49febaf3
mlp,71,mlp_seed71.pt,4210232,87e7d9f92261146ef391f1e825f979b9052b8e05c7e678b31208a4a6a6e6e33b
lcca,13,lcca_seed13.pt,4210757,062c63c837e4afe6f409a1a4fd7fc8793d8e9c457bfd5115bfc8095c754604ab
lcca,42,lcca_seed42.pt,4210757,02c253460d1e8ba7c4739a27bf9d32c4a24dd0a74db9f6150d31e0fb43eef0b3
lcca,71,lcca_seed71.pt,4210757,c1d02eeaa724e5b1b1b55844b5e2bd1b41b8d965e5dec1f3afb2b056869ca766
