run,metric,archived,gpu_recheck,pass
head/seed13,contrast_consistency,33.33,33.33,True
head/seed13,flip_rate,33.33,33.33,True
head/seed13,balanced_accuracy_o,55.13,55.13,True
head/seed13,balanced_accuracy_a,66.04,66.04,True
head/seed13,balanced_accuracy_b,66.68,66.68,True
head/seed42,contrast_consistency,34.57,34.57,True
head/seed42,flip_rate,37.04,37.04,True
head/seed42,balanced_accuracy_o,54.33,54.33,True
head/seed42,balanced_accuracy_a,69.48,69.48,True
head/seed42,balanced_accuracy_b,62.44,62.44,True
head/seed71,contrast_consistency,34.57,34.57,True
head/seed71,flip_rate,37.04,37.04,True
head/seed71,balanced_accuracy_o,55.94,55.94,True
head/seed71,balanced_accuracy_a,68.67,68.67,True
head/seed71,balanced_accuracy_b,63.24,63.24,True
lcca/seed13,contrast_consistency,72.84,72.84,True
lcca/seed13,flip_rate,72.84,72.84,True
lcca/seed13,balanced_accuracy_o,91.51,91.51,True
lcca/seed13,balanced_accuracy_a,94.14,94.14,True
lcca/seed13,balanced_accuracy_b,75.34,75.34,True
lcca/seed42,contrast_consistency,77.78,77.78,True
lcca/seed42,flip_rate,77.78,77.78,True
lcca/seed42,balanced_accuracy_o,88.88,88.88,True
lcca/seed42,balanced_accuracy_a,94.95,94.95,True
lcca/seed42,balanced_accuracy_b,79.58,79.58,True
lcca/seed71,contrast_consistency,76.54,76.54,True
lcca/seed71,flip_rate,77.78,77.78,True
lcca/seed71,balanced_accuracy_o,89.09,89.09,True
lcca/seed71,balanced_accuracy_a,94.95,94.95,True
lcca/seed71,balanced_accuracy_b,72.5,72.5,True
mlp/seed13,contrast_consistency,67.9,67.9,True
mlp/seed13,flip_rate,67.9,67.9,True
mlp/seed13,balanced_accuracy_o,83.03,83.03,True
mlp/seed13,balanced_accuracy_a,91.51,91.51,True
mlp/seed13,balanced_accuracy_b,74.75,74.75,True
mlp/seed42,contrast_consistency,69.14,69.14,True
mlp/seed42,flip_rate,69.14,69.14,True
mlp/seed42,balanced_accuracy_o,83.03,83.03,True
mlp/seed42,balanced_accuracy_a,91.51,91.51,True
mlp/seed42,balanced_accuracy_b,75.55,75.55,True
mlp/seed71,contrast_consistency,69.14,69.14,True
mlp/seed71,flip_rate,69.14,69.14,True
mlp/seed71,balanced_accuracy_o,83.03,83.03,True
mlp/seed71,balanced_accuracy_a,91.51,91.51,True
mlp/seed71,balanced_accuracy_b,75.55,75.55,True
